<?xml version="1.0" encoding="UTF-8"?>
<project-private xmlns="http://www.netbeans.org/ns/project-private/1">
    <editor-bookmarks xmlns="http://www.netbeans.org/ns/editor-bookmarks/2" lastBookmarkId="0"/>
    <open-files xmlns="http://www.netbeans.org/ns/projectui-open-files/2">
        <group>
            <file>file:/C:/Users/Mahroz/Desktop/2-DAM/AD/AD-2EVA/UD7-Ejercicios-Parte3/EjercicioEntrega/UD7Ejer203/src/packUtils/Menu.java</file>
            <file>file:/C:/Users/Mahroz/Desktop/2-DAM/AD/AD-2EVA/UD7-Ejercicios-Parte3/EjercicioEntrega/UD7Ejer203/src/ud7ejer203/Profesor.java</file>
            <file>file:/C:/Users/Mahroz/Desktop/2-DAM/AD/AD-2EVA/UD7-Ejercicios-Parte3/EjercicioEntrega/UD7Ejer203/src/ud7ejer203/UD7Ejer203.java</file>
        </group>
    </open-files>
</project-private>
