<?xml version="1.0" encoding="UTF-8"?>
<project-private xmlns="http://www.netbeans.org/ns/project-private/1">
    <editor-bookmarks xmlns="http://www.netbeans.org/ns/editor-bookmarks/2" lastBookmarkId="0"/>
    <open-files xmlns="http://www.netbeans.org/ns/projectui-open-files/2">
        <group>
            <file>file:/C:/Users/alumno/Desktop/2ºDAM/SGE/proyectos/Spring5/src/java/modelos/PersonaValidar.java</file>
            <file>file:/C:/Users/alumno/Desktop/2ºDAM/SGE/proyectos/Spring5/src/java/controller/FormController.java</file>
            <file>file:/C:/Users/alumno/Desktop/2ºDAM/SGE/proyectos/Spring5/web/WEB-INF/jsp/form.jsp</file>
            <file>file:/C:/Users/alumno/Desktop/2ºDAM/SGE/proyectos/Spring5/web/redirect.jsp</file>
        </group>
    </open-files>
</project-private>
