<?xml version="1.0" encoding="UTF-8"?>
<project-private xmlns="http://www.netbeans.org/ns/project-private/1">
    <editor-bookmarks xmlns="http://www.netbeans.org/ns/editor-bookmarks/2" lastBookmarkId="0"/>
    <open-files xmlns="http://www.netbeans.org/ns/projectui-open-files/2">
        <group>
            <file>file:/C:/Users/Mahroz/Desktop/2-DAM/PSP/Tema3/Ejercicios/ControlDeStock/src/controldestock/ControlDeStock.java</file>
            <file>file:/C:/Users/Mahroz/Desktop/2-DAM/PSP/Tema3/Ejercicios/ControlDeStock/src/controldestock/Retirada.java</file>
            <file>file:/C:/Users/Mahroz/Desktop/2-DAM/PSP/Tema3/Ejercicios/ControlDeStock/src/controldestock/Almacen.java</file>
            <file>file:/C:/Users/Mahroz/Desktop/2-DAM/PSP/Tema3/Ejercicios/ControlDeStock/src/controldestock/Envio.java</file>
        </group>
    </open-files>
</project-private>
