<?xml version="1.0" encoding="UTF-8"?>
<project-private xmlns="http://www.netbeans.org/ns/project-private/1">
    <editor-bookmarks xmlns="http://www.netbeans.org/ns/editor-bookmarks/2" lastBookmarkId="0"/>
    <open-files xmlns="http://www.netbeans.org/ns/projectui-open-files/2">
        <group>
            <file>file:/C:/Users/alumno/Desktop/git/2-DAM/PSP/Ultimo/Examen/ExamenFinalPSP/src/examenfinalpsp/ExamenFinalPSP.java</file>
            <file>file:/C:/Users/alumno/Desktop/git/2-DAM/PSP/Ultimo/Examen/ExamenFinalPSP/src/examenfinalpsp/Servidor.java</file>
            <file>file:/C:/Users/alumno/Desktop/git/2-DAM/PSP/Ultimo/Examen/ExamenFinalPSP/src/examenfinalpsp/Protocolo.java</file>
            <file>file:/C:/Users/alumno/Desktop/git/2-DAM/PSP/Ultimo/Examen/ExamenFinalPSP/src/examenfinalpsp/Cliente.java</file>
            <file>file:/C:/Users/alumno/Desktop/git/2-DAM/PSP/Ultimo/Examen/ExamenFinalPSP/src/examenfinalpsp/Hilo.java</file>
        </group>
    </open-files>
</project-private>
