[
{"idContenedor":1,"producto":"Sandías","pais":"FR","ciudad":"Lons-le-Saunier"},
{"idContenedor":2,"producto":"Fresas","pais":"FR","ciudad":"Évry"},
{"idContenedor":3,"producto":"Naranjas","pais":"FR","ciudad":"Paris 10"},
{"idContenedor":4,"producto":"Fresas","pais":"FR","ciudad":"Paris 10"},
{"idContenedor":5,"producto":"Mandarinas","pais":"FR","ciudad":"Seynod"},
{"idContenedor":6,"producto":"Fresas","pais":"FR","ciudad":"Arras"},
{"idContenedor":7,"producto":"Uva","pais":"FR","ciudad":"Orléans"},
{"idContenedor":8,"producto":"Mandarinas","pais":"ES","ciudad":"Donostia-San Sebastian"},
{"idContenedor":9,"producto":"Fresas","pais":"FR","ciudad":"Orange"},
{"idContenedor":10,"producto":"Manzanas","pais":"FR","ciudad":"Gennevilliers"},
{"idContenedor":11,"producto":"Plátanos","pais":"DE","ciudad":"Hannover"},
{"idContenedor":12,"producto":"Naranjas","pais":"FR","ciudad":"Lyon"},
{"idContenedor":13,"producto":"Sandías","pais":"FR","ciudad":"Schirmeck"},
{"idContenedor":14,"producto":"Naranjas","pais":"FR","ciudad":"Dieppe"},
{"idContenedor":15,"producto":"Piñas","pais":"DE","ciudad":"Hamburg"},
{"idContenedor":16,"producto":"Naranjas","pais":"FR","ciudad":"Lescar"},
{"idContenedor":17,"producto":"Naranjas","pais":"DE","ciudad":"Kiel"},
{"idContenedor":18,"producto":"Piñas","pais":"ES","ciudad":"Badajoz"},
{"idContenedor":19,"producto":"Plátanos","pais":"FR","ciudad":"Lille"},
{"idContenedor":20,"producto":"Manzanas","pais":"DE","ciudad":"Frankfurt am Main"},
{"idContenedor":21,"producto":"Manzanas","pais":"FR","ciudad":"Juvisy-sur-Orge"},
{"idContenedor":22,"producto":"Uva","pais":"FR","ciudad":"La Rochelle"},
{"idContenedor":23,"producto":"Mandarinas","pais":"FR","ciudad":"Orléans"},
{"idContenedor":24,"producto":"Manzanas","pais":"FR","ciudad":"Rennes"},
{"idContenedor":25,"producto":"Fresas","pais":"FR","ciudad":"Nîmes"},
{"idContenedor":26,"producto":"Plátanos","pais":"FR","ciudad":"Évry"},
{"idContenedor":27,"producto":"Plátanos","pais":"FR","ciudad":"Toulouse"},
{"idContenedor":28,"producto":"Manzanas","pais":"IT","ciudad":"Milano"},
{"idContenedor":29,"producto":"Naranjas","pais":"FR","ciudad":"La Gacilly"},
{"idContenedor":30,"producto":"Uva","pais":"FR","ciudad":"Paris La Défense"},
{"idContenedor":31,"producto":"Mandarinas","pais":"FR","ciudad":"Besançon"},
{"idContenedor":32,"producto":"Fresas","pais":"FR","ciudad":"Firminy"},
{"idContenedor":33,"producto":"Fresas","pais":"FR","ciudad":"Saint-Étienne"},
{"idContenedor":34,"producto":"Sandías","pais":"FR","ciudad":"Rivesaltes"},
{"idContenedor":35,"producto":"Uva","pais":"FR","ciudad":"Longvic"},
{"idContenedor":36,"producto":"Mandarinas","pais":"FR","ciudad":"Portet-sur-Garonne"},
{"idContenedor":37,"producto":"Piñas","pais":"FR","ciudad":"Massy"},
{"idContenedor":38,"producto":"Sandías","pais":"FR","ciudad":"Ajaccio"},
{"idContenedor":39,"producto":"Manzanas","pais":"FR","ciudad":"Marcq-en-Barœul"},
{"idContenedor":40,"producto":"Sandías","pais":"FR","ciudad":"Claye-Souilly"},
{"idContenedor":41,"producto":"Mandarinas","pais":"FR","ciudad":"Mérignac"},
{"idContenedor":42,"producto":"Uva","pais":"FR","ciudad":"Noisy-le-Grand"},
{"idContenedor":43,"producto":"Mandarinas","pais":"FR","ciudad":"Thaon-les-Vosges"},
{"idContenedor":44,"producto":"Piñas","pais":"ES","ciudad":"Palmas De Gran Canaria, Las"},
{"idContenedor":45,"producto":"Sandías","pais":"FR","ciudad":"Nanterre"},
{"idContenedor":46,"producto":"Mandarinas","pais":"FR","ciudad":"Loudun"},
{"idContenedor":47,"producto":"Piñas","pais":"ES","ciudad":"Jaen"},
{"idContenedor":48,"producto":"Naranjas","pais":"FR","ciudad":"Angoulême"},
{"idContenedor":49,"producto":"Fresas","pais":"FR","ciudad":"Carrières-sur-Seine"},
{"idContenedor":50,"producto":"Sandías","pais":"FR","ciudad":"Carpentras"}
]