<?xml version="1.0" encoding="UTF-8"?>
<project-private xmlns="http://www.netbeans.org/ns/project-private/1">
    <editor-bookmarks xmlns="http://www.netbeans.org/ns/editor-bookmarks/2" lastBookmarkId="0"/>
    <open-files xmlns="http://www.netbeans.org/ns/projectui-open-files/2">
        <group>
            <file>file:/C:/Users/Mahroz/Desktop/2-DAM/AD/AD-2EVA/UD7-Ejercicios-Parte3/EjercicioEntrega/RedSocial/RedSocial02Agrupaciones/src/packUtils/Menu.java</file>
            <file>file:/C:/Users/Mahroz/Desktop/2-DAM/AD/AD-2EVA/UD7-Ejercicios-Parte3/EjercicioEntrega/RedSocial/RedSocial02Agrupaciones/src/RedSocial02Agrupaciones/RedSocial02Agrupaciones.java</file>
        </group>
    </open-files>
</project-private>
