<?xml version="1.0" encoding="UTF-8"?>
<project-private xmlns="http://www.netbeans.org/ns/project-private/1">
    <editor-bookmarks xmlns="http://www.netbeans.org/ns/editor-bookmarks/2" lastBookmarkId="0"/>
    <open-files xmlns="http://www.netbeans.org/ns/projectui-open-files/2">
        <group>
            <file>file:/C:/Users/alumno/Desktop/git/2-DAM/AD/UD4/Ejercicios/U4_Ejercicios/Parte4/HiberTareas4v3/src/packUtils/Menu.java</file>
            <file>file:/C:/Users/alumno/Desktop/git/2-DAM/AD/UD4/Ejercicios/U4_Ejercicios/Parte4/HiberTareas4v3/src/HiberTareas4v1/HiberTareas4v1.java</file>
        </group>
    </open-files>
</project-private>
