<?xml version="1.0"?>
<!DOCTYPE hibernate-mapping PUBLIC "-//Hibernate/Hibernate Mapping DTD 3.0//EN"
"http://www.hibernate.org/dtd/hibernate-mapping-3.0.dtd">
<!-- Generated 08-nov-2019 8:20:30 by Hibernate Tools 4.3.1 -->
<hibernate-mapping>
    <class name="bdseries.Series" table="series" catalog="bdseries" optimistic-lock="version">
        <id name="codigo" type="java.lang.Integer">
            <column name="codigo" />
            <generator class="identity" />
        </id>
        <property name="titulo" type="string">
            <column name="titulo" length="60" />
        </property>
        <property name="tv" type="string">
            <column name="tv" length="35" />
        </property>
        <property name="duracion" type="int">
            <column name="duracion" not-null="true" />
        </property>
    </class>
</hibernate-mapping>
