<?xml version="1.0" encoding="UTF-8"?>
<project-private xmlns="http://www.netbeans.org/ns/project-private/1">
    <editor-bookmarks xmlns="http://www.netbeans.org/ns/editor-bookmarks/2" lastBookmarkId="0"/>
    <open-files xmlns="http://www.netbeans.org/ns/projectui-open-files/2">
        <group>
            <file>file:/C:/Users/alumno/Desktop/git/2-DAM/AD/AD-2EVA/UD5/UD5%20-%20Ejercicios/UD5Ejer06/src/packUtils/Menu.java</file>
            <file>file:/C:/Users/alumno/Desktop/git/2-DAM/AD/AD-2EVA/UD5/UD5%20-%20Ejercicios/UD5Ejer06/src/ud5ejer01/UD5Ejer01.java</file>
        </group>
    </open-files>
</project-private>
