<?xml version="1.0" encoding="UTF-8"?>
<project-private xmlns="http://www.netbeans.org/ns/project-private/1">
    <editor-bookmarks xmlns="http://www.netbeans.org/ns/editor-bookmarks/2" lastBookmarkId="0"/>
    <open-files xmlns="http://www.netbeans.org/ns/projectui-open-files/2">
        <group>
            <file>file:/C:/Users/Mahroz/Desktop/Parte4/Ejercicios/parte4/UD2EjerJson1205Media/src/UD2EjerJson1205Media/Notas.java</file>
            <file>file:/C:/Users/Mahroz/Desktop/Parte4/Ejercicios/parte4/UD2EjerJson1205Media/src/UD2EjerJson1205Media/UD2EjerJson1205Media.java</file>
            <file>file:/C:/Users/Mahroz/Desktop/Parte4/Ejercicios/parte4/UD2EjerJson1205Media/src/UD2EjerJson1205Media/Alumno.java</file>
            <file>file:/C:/Users/Mahroz/Desktop/Parte4/Ejercicios/parte4/UD2EjerJson1205Media/src/UD2EjerJson1205Media/Alumnos.java</file>
        </group>
    </open-files>
</project-private>
