<?xml version="1.0" encoding="UTF-8"?>
<project-private xmlns="http://www.netbeans.org/ns/project-private/1">
    <editor-bookmarks xmlns="http://www.netbeans.org/ns/editor-bookmarks/2" lastBookmarkId="0"/>
    <open-files xmlns="http://www.netbeans.org/ns/projectui-open-files/2">
        <group>
            <file>file:/C:/Users/alumno/Desktop/2ºDAM/AD/UD2/parte5/UD2EjerCSV1401toXML/src/ud2ejercsv1401toxml/FrutasJAXB.java</file>
            <file>file:/C:/Users/alumno/Desktop/2ºDAM/AD/UD2/parte5/UD2EjerCSV1401toXML/src/ud2ejercsv1401toxml/Contenedor.java</file>
            <file>file:/C:/Users/alumno/Desktop/2ºDAM/AD/UD2/parte5/UD2EjerCSV1401toXML/src/ud2ejercsv1401toxml/UD2EjerCSV1401toXML.java</file>
        </group>
    </open-files>
</project-private>
