<rss version="2.0">
	<channel>
		<title>Deportes // elmundo</title>
		<link>http://www.elmundo.es</link>
		<description>Deportes // elmundo</description>
		<language>es</language>
		<copyright>(c) 2019, Unidad Editorial, S.A.</copyright>
		<pubDate>Sat, 26 Oct 2019 11:25:29 +0200</pubDate>
		<lastBuildDate>Sat, 26 Oct 2019 11:25:29 +0200</lastBuildDate>
		<category>News and Politics</category>
		<ttl>60</ttl>
		<atom:link href="http://www.elmundo.es/rss/deportes.xml" rel="self" type="application/rss+xml"/>
		<image>
			<title>Deportes // elmundo</title>
			<url>http://estaticos.elmundo.es/imagen/canalima144.gif</url>
			<link>http://www.elmundo.es</link>
			<width>144</width>
			<height>24</height>
			<description>elmundo.es</description>
		</image>
		
		<item>
			<title>¿Por qué pita el Wanda a Simeone y a su capitán?</title>
			<description>
				El Atlético recibe este sábado al Athletic (21.00 h.) en su estadio, incómodo por el debate en torno a las figuras del capitán y el entrenador.
				<a href="https://www.elmundo.es/deportes/futbol/primera-division/2019/10/26/5db30fddfdddfffa8e8b4612.html">Leer</a>
				<img src="http://secure-uk.imrworldwide.com/cgi-bin/m?cid=es-widgetueditorial&amp;cg=rss-elmundo&amp;ci=es-widgetueditorial&amp;si=http://www.elmundo.es/rss/deportes.xml" alt=""/>
			</description>
			<dc:creator>CARLOS GUISASOLA</dc:creator>
			<link>https://www.elmundo.es/deportes/futbol/primera-division/2019/10/26/5db30fddfdddfffa8e8b4612.html</link>
			<category>Koke Resurrección</category>
			<category>Raúl García</category>
			<category>Joao Félix</category>
			<category>Gabi</category>
			<category>Atlético de Madrid</category>
			<category>Copa del Rey</category>
			<category>deportes</category>
			<category>Primera División</category>
			<category>fútbol</category>
			<category>Athletic de Bilbao</category>
			<media:description type="html">El Atlético recibe este sábado al Athletic (21.00 h.) en su estadio, incómodo por el debate en torno a las figuras del capitán y el entrenador.</media:description>
			<media:title type="html">LALIGA</media:title>
			<media:content url="https://e00-elmundo.uecdn.es/assets/multimedia/imagenes/2019/10/26/15720784152247.jpg" medium="image" width="487" height="325"/>
			<media:thumbnail url="https://e00-elmundo.uecdn.es/assets/multimedia/imagenes/2019/10/26/15720784152247_150x0.jpg" width="150" height="100"/>
			<guid>https://www.elmundo.es/deportes/futbol/primera-division/2019/10/26/5db30fddfdddfffa8e8b4612.html</guid>
			<pubDate>Sat, 26 Oct 2019 08:43:52 +0200</pubDate>
		</item>
		
		<item>
			<title>El pequeño reino de Piqué en Andorra</title>
			<description>
				<a href="https://www.elmundo.es/deportes/futbol/2019/10/24/5db1d93521efa0f1678b4584.html">Leer</a>
				<img src="http://secure-uk.imrworldwide.com/cgi-bin/m?cid=es-widgetueditorial&amp;cg=rss-elmundo&amp;ci=es-widgetueditorial&amp;si=http://www.elmundo.es/rss/deportes.xml" alt=""/>
			</description>
			<dc:creator>FRANCISCO CABEZAS</dc:creator>
			<link>https://www.elmundo.es/deportes/futbol/2019/10/24/5db1d93521efa0f1678b4584.html</link>
			<category>Gerard Piqué</category>
			<category>deportes</category>
			<category>FC Barcelona</category>
			<category>fútbol</category>
			<media:description type="html">Los gritos y las risas retumban contra la puerta del vestuario. Junto a los bancos y las taquillas hay colocada una mesa, sobre la que reposa un tapete verde. A su alrededor van ti</media:description>
			<media:title type="html">FÚTBOL</media:title>
			<media:content url="https://e00-elmundo.uecdn.es/assets/multimedia/imagenes/2019/10/25/15720173657142.jpg" medium="image" width="487" height="325"/>
			<media:thumbnail url="https://e00-elmundo.uecdn.es/assets/multimedia/imagenes/2019/10/25/15720173657142_150x0.jpg" width="150" height="100"/>
			<guid>https://www.elmundo.es/deportes/futbol/2019/10/24/5db1d93521efa0f1678b4584.html</guid>
			<pubDate>Thu, 24 Oct 2019 22:38:53 +0200</pubDate>
		</item>
		
		<item>
			<title>Doncic sigue asombroso: triple-doble para otro triunfo de los Mavericks</title>
			<description>
				<a href="https://www.elmundo.es/deportes/baloncesto/nba/2019/10/26/5db3f05ffc6c83937b8b45d5.html">Leer</a>
				<img src="http://secure-uk.imrworldwide.com/cgi-bin/m?cid=es-widgetueditorial&amp;cg=rss-elmundo&amp;ci=es-widgetueditorial&amp;si=http://www.elmundo.es/rss/deportes.xml" alt=""/>
			</description>
			<dc:creator>EL MUNDO</dc:creator>
			<link>https://www.elmundo.es/deportes/baloncesto/nba/2019/10/26/5db3f05ffc6c83937b8b45d5.html</link>
			<category>Luka Doncic</category>
			<category>Baloncesto Internacional</category>
			<category>NBA</category>
			<category>deportes</category>
			<media:description type="html">
				Luka Doncic logró triple-doble, anotó 
				<strong>ocho de sus 25 puntos en los últimos cinco minutos</strong> del tiempo reglamentario y dirigió el ataque de los Mavericks de Dallas,
			</media:description>
			<media:title type="html">NBA</media:title>
			<media:content url="https://e00-elmundo.uecdn.es/assets/multimedia/imagenes/2019/10/26/15720817803926.jpg" medium="image" width="240" height="160"/>
			<media:thumbnail url="https://e00-elmundo.uecdn.es/assets/multimedia/imagenes/2019/10/26/15720817803926_150x0.jpg" width="150" height="100"/>
			<guid>https://www.elmundo.es/deportes/baloncesto/nba/2019/10/26/5db3f05ffc6c83937b8b45d5.html</guid>
			<pubDate>Sat, 26 Oct 2019 10:23:47 +0200</pubDate>
		</item>
		
		<item>
			<title>La penúltima hazaña de Gómez Noya: gana el primer Ironman de su carrera</title>
			<description>
				
				<a href="https://www.elmundo.es/deportes/mas-deporte/2019/10/26/5db40f4d21efa0561f8b45bf.html">Leer</a>
				<img src="http://secure-uk.imrworldwide.com/cgi-bin/m?cid=es-widgetueditorial&amp;cg=rss-elmundo&amp;ci=es-widgetueditorial&amp;si=http://www.elmundo.es/rss/deportes.xml" alt=""/>
			</description>
			<dc:creator>LUCAS SÁEZ-BRAVO</dc:creator>
			<link>https://www.elmundo.es/deportes/mas-deporte/2019/10/26/5db40f4d21efa0561f8b45bf.html</link>
			<category>Triatlón JJOO</category>
			<category>deportes</category>
			<media:description type="html">Pocas cosas se le han resistido a Javier Gómez Noya en su carrera de leyenda en el triatlón, pero su idilio con el Ironman ha tardado un poco más. Aunque sólo era cuestión de tiempo.</media:description>
			<media:title type="html">TRIATLÓN</media:title>
			<media:content url="https://e00-elmundo.uecdn.es/assets/multimedia/imagenes/2019/10/26/15720818628726.jpg" medium="image" width="240" height="160"/>
			<media:thumbnail url="https://e00-elmundo.uecdn.es/assets/multimedia/imagenes/2019/10/26/15720818628726_150x0.jpg" width="150" height="100"/>
			<guid>https://www.elmundo.es/deportes/mas-deporte/2019/10/26/5db40f4d21efa0561f8b45bf.html</guid>
			<pubDate>Sat, 26 Oct 2019 11:19:23 +0200</pubDate>
		</item>
		
		<item>
			<title>Un 0-9 del Leicester para igualar la victoria más abultada en la historia de la Premier League</title>
			<description>
				
				<a href="https://www.elmundo.es/deportes/futbol/premier-league/2019/10/25/5db36c59fc6c83a5778b462a.html">Leer</a>
				<img src="http://secure-uk.imrworldwide.com/cgi-bin/m?cid=es-widgetueditorial&amp;cg=rss-elmundo&amp;ci=es-widgetueditorial&amp;si=http://www.elmundo.es/rss/deportes.xml" alt=""/>
			</description>
			<dc:creator>EL MUNDO</dc:creator>
			<link>https://www.elmundo.es/deportes/futbol/premier-league/2019/10/25/5db36c59fc6c83a5778b462a.html</link>
			<category>Manchester United</category>
			<category>Leicester City</category>
			<category>Premier League</category>
			<category>Fútbol Internacional</category>
			<category>Southampton FC</category>
			<category>deportes</category>
			<category>fútbol</category>
			<media:description type="html">Los aficionados del Leicester City disfrutaron de su momento más especial desde aquella tarde del 2 de mayo de 2016 cuando un empate del Chelsea les hizo matemáticamente campeones</media:description>
			<media:title type="html">FÚTBOL</media:title>
			<media:content url="https://e00-elmundo.uecdn.es/assets/multimedia/imagenes/2019/10/25/15720396640470.jpg" medium="image" width="2048" height="1397"/>
			<media:thumbnail url="https://e00-elmundo.uecdn.es/assets/multimedia/imagenes/2019/10/25/15720396640470_150x0.jpg" width="150" height="102"/>
			<guid>https://www.elmundo.es/deportes/futbol/premier-league/2019/10/25/5db36c59fc6c83a5778b462a.html</guid>
			<pubDate>Fri, 25 Oct 2019 23:44:02 +0200</pubDate>
		</item>
		
		<item>
			<title>Lo que le faltaba a Jorge Lorenzo: bronca de Marc Márquez y su posible sustituto ya es más rápido</title>
			<description>
				
				<a href="https://www.elmundo.es/deportes/motociclismo/2019/10/25/5db2a4eefdddff84408b45d9.html">Leer</a>
				<img src="http://secure-uk.imrworldwide.com/cgi-bin/m?cid=es-widgetueditorial&amp;cg=rss-elmundo&amp;ci=es-widgetueditorial&amp;si=http://www.elmundo.es/rss/deportes.xml" alt=""/>
			</description>
			<dc:creator>JAVIER SÁNCHEZ</dc:creator>
			<link>https://www.elmundo.es/deportes/motociclismo/2019/10/25/5db2a4eefdddff84408b45d9.html</link>
			<category>MotoGP</category>
			<category>Honda MotoGP</category>
			<category>Jorge Lorenzo</category>
			<category>GP Australia MotoGP</category>
			<media:description type="html">
				En este largo anochecer que sólo acabará si se rinde y acepta la retirada que ya le insinúa Honda, 
				<strong>Jorge Lorenzo</strong> no caza una sola alegría, no hay día feliz que adv
			</media:description>
			<media:title type="html">MOTOGP|Gran Premio de Australia</media:title>
			<media:content url="https://e00-elmundo.uecdn.es/assets/multimedia/imagenes/2019/10/25/15719922743008.jpg" medium="image" width="240" height="160"/>
			<media:thumbnail url="https://e00-elmundo.uecdn.es/assets/multimedia/imagenes/2019/10/25/15719922743008_150x0.jpg" width="150" height="100"/>
			<guid>https://www.elmundo.es/deportes/motociclismo/2019/10/25/5db2a4eefdddff84408b45d9.html</guid>
			<pubDate>Fri, 25 Oct 2019 10:27:01 +0200</pubDate>
		</item>
		<item>
			<title>Las "cero emisiones" de Hamilton avivan el debate sobre el medio ambiente</title>
			<description>
				
				<a href="https://www.elmundo.es/deportes/formula-1/2019/10/25/5db34864fc6c83343e8b46d2.html">Leer</a>
				<img src="http://secure-uk.imrworldwide.com/cgi-bin/m?cid=es-widgetueditorial&amp;cg=rss-elmundo&amp;ci=es-widgetueditorial&amp;si=http://www.elmundo.es/rss/deportes.xml" alt=""/>
			</description>
			<dc:creator>MIGUEL A. HERGUEDAS</dc:creator>
			<link>https://www.elmundo.es/deportes/formula-1/2019/10/25/5db34864fc6c83343e8b46d2.html</link>
			<category>michael schumacher</category>
			<category>Valtteri Bottas</category>
			<category>Lewis Hamilton</category>
			<category>Fernando Alonso</category>
			<category>fórmula 1</category>
			<category>GP México F1</category>
			<category>Mercedes GP</category>
			<category>McLaren F1</category>
			<category>deportes</category>
			<media:description type="html">A lo largo de 13 temporadas, Lewis Hamilton ha recorrido más de 70.000 kilómetros al volante de un Fórmula 1. Una distancia, si incluimos únicamente las carreras, que le permitiría</media:description>
			<media:title type="html">F1|GP de México</media:title>
			<media:content url="https://e00-elmundo.uecdn.es/assets/multimedia/imagenes/2019/10/25/15720299920679.jpg" medium="image" width="2048" height="1365"/>
			<media:thumbnail url="https://e00-elmundo.uecdn.es/assets/multimedia/imagenes/2019/10/25/15720299920679_150x0.jpg" width="150" height="99"/>
			<guid>https://www.elmundo.es/deportes/formula-1/2019/10/25/5db34864fc6c83343e8b46d2.html</guid>
			<pubDate>Fri, 25 Oct 2019 21:09:46 +0200</pubDate>
		</item>
	</channel>
</rss>